timestamp,ecg_value
1745749181635,342
1745749181639,341
1745749181647,341
1745749181651,342
1745749181655,342
1745749181659,342
1745749181668,342
1745749181672,343
1745749181676,343
1745749181680,344
1745749181688,344
1745749181692,344
1745749181696,344
1745749181701,343
1745749181708,342
1745749181713,341
1745749181717,339
1745749181725,335
1745749181729,333
1745749181733,332
1745749181737,329
1745749181745,324
1745749181750,322
1745749181754,322
1745749181758,320
1745749181766,321
1745749181770,324
1745749181774,325
1745749181782,326
1745749181786,326
1745749181791,326
1745749181795,322
1745749181803,323
1745749181807,327
1745749181811,327
1745749181815,324
1745749181823,326
1745749181827,328
1745749181831,330
1745749181839,329
1745749181844,328
1745749181848,331
1745749181852,330
1745749181860,332
1745749181864,334
1745749181868,333
1745749181872,332
1745749181880,332
1745749181884,334
1745749181889,337
1745749181897,335
1745749181901,333
1745749181905,336
1745749181909,340
1745749181918,340
1745749181922,337
1745749181926,336
1745749181930,339
1745749181938,341
1745749181942,344
1745749181946,342
1745749181954,340
1745749181958,338
1745749181962,336
1745749181967,334
1745749181975,336
1745749181979,337
1745749181983,341
1745749181987,345
1745749181995,347
1745749181999,350
1745749182003,353
1745749182007,357
1745749182016,361
1745749182020,359
1745749182024,352
1745749182032,347
1745749182036,343
1745749182040,343
1745749182044,346
1745749182052,348
1745749182057,347
1745749182061,346
1745749182065,347
1745749182073,348
1745749182077,345
1745749182081,334
1745749182089,318
1745749182093,317
1745749182097,345
1745749182102,402
1745749182110,466
1745749182114,506
1745749182118,478
1745749182122,405
1745749182130,363
1745749182134,364
1745749182139,378
1745749182147,373
1745749182151,350
1745749182155,335
1745749182159,335
1745749182167,338
1745749182171,338
1745749182175,336
1745749182179,332
1745749182188,333
1745749182192,336
1745749182196,339
1745749182204,340
1745749182208,340
1745749182213,339
1745749182217,339
1745749182225,339
1745749182229,339
1745749182233,342
1745749182237,340
1745749182245,338
1745749182249,342
1745749182253,342
1745749182258,341
1745749182266,342
1745749182270,341
1745749182274,341
1745749182282,343
1745749182286,346
1745749182290,346
1745749182294,346
1745749182303,347
1745749182307,349
1745749182311,351
1745749182315,354
1745749182323,356
1745749182327,359
1745749182331,361
1745749182339,361
1745749182343,362
1745749182348,359
1745749182351,360
1745749182360,361
1745749182364,356
1745749182368,350
1745749182372,347
1745749182380,344
1745749182384,342
1745749182388,341
1745749182397,339
1745749182401,338
1745749182405,335
1745749182409,336
1745749182417,340
1745749182421,340
1745749182425,339
1745749182429,335
1745749182437,335
1745749182442,338
1745749182446,340
1745749182454,341
1745749182458,342
1745749182462,341
1745749182466,340
1745749182474,340
1745749182479,339
1745749182483,336
1745749182487,337
1745749182495,337
1745749182499,340
1745749182503,341
1745749182511,340
1745749182515,338
1745749182519,338
1745749182524,343
1745749182532,344
1745749182536,342
1745749182540,342
1745749182544,340
1745749182552,340
1745749182556,342
1745749182560,339
1745749182565,338
1745749182572,342
1745749182577,343
1745749182581,341
1745749182589,341
1745749182593,343
1745749182597,342
1745749182601,340
1745749182609,341
1745749182614,340
1745749182618,340
1745749182622,340
1745749182630,341
1745749182634,340
1745749182638,337
1745749182646,341
1745749182651,345
1745749182654,345
1745749182659,342
1745749182667,340
1745749182671,342
1745749182675,343
1745749182679,343
1745749182688,341
1745749182692,341
1745749182696,341
1745749182704,339
1745749182708,338
1745749182712,337
1745749182716,334
1745749182724,328
1745749182728,324
1745749182733,329
1745749182737,336
1745749182745,340
1745749182749,343
1745749182753,347
1745749182761,352
1745749182765,355
1745749182770,351
1745749182773,349
1745749182781,344
1745749182786,338
1745749182790,333
1745749182794,331
1745749182802,332
1745749182806,333
1745749182810,334
1745749182815,335
1745749182823,338
1745749182827,340
1745749182831,334
1745749182839,321
1745749182843,305
1745749182847,308
1745749182851,346
1745749182859,413
1745749182863,481
1745749182868,528
1745749182872,493
1745749182880,404
1745749182884,350
1745749182888,351
1745749182896,370
1745749182900,367
1745749182904,344
1745749182908,328
1745749182917,326
1745749182921,328
1745749182925,328
1745749182929,328
1745749182937,328
1745749182941,328
1745749182945,326
1745749182954,328
1745749182958,334
1745749182962,333
1745749182966,332
1745749182974,332
1745749182978,330
1745749182982,330
1745749182987,332
1745749182995,333
1745749182999,333
1745749183003,333
1745749183011,335
1745749183015,337
1745749183019,337
1745749183023,337
1745749183031,337
1745749183036,342
1745749183040,349
1745749183044,350
1745749183052,351
1745749183056,352
1745749183060,354
1745749183068,359
1745749183072,363
1745749183076,365
1745749183080,366
1745749183089,366
1745749183093,365
1745749183097,366
1745749183101,370
1745749183109,370
1745749183113,367
1745749183118,361
1745749183122,355
1745749183130,350
1745749183134,347
1745749183138,344
1745749183146,340
1745749183150,337
1745749183154,336
1745749183158,333
1745749183167,333
1745749183171,333
1745749183175,332
1745749183179,329
1745749183187,330
1745749183191,335
1745749183195,337
1745749183203,331
1745749183207,328
1745749183212,330
1745749183216,331
1745749183224,329
1745749183228,329
1745749183232,331
1745749183236,330
1745749183245,328
1745749183249,326
1745749183253,327
1745749183261,329
1745749183265,329
1745749183269,329
1745749183273,332
1745749183281,333
1745749183285,334
1745749183289,333
1745749183293,332
1745749183302,331
1745749183306,331
1745749183310,332
1745749183318,333
1745749183322,335
1745749183326,336
1745749183331,335
1745749183339,338
1745749183343,338
1745749183347,337
1745749183351,337
1745749183359,338
1745749183363,337
1745749183367,336
1745749183375,334
1745749183380,333
1745749183384,333
1745749183388,334
1745749183396,335
1745749183400,334
1745749183404,334
1745749183408,334
1745749183417,333
1745749183421,333
1745749183425,336
1745749183429,335
1745749183437,335
1745749183441,334
1745749183445,334
1745749183453,333
1745749183457,332
1745749183462,333
1745749183466,334
1745749183474,336
1745749183478,336
1745749183482,336
1745749183486,333
1745749183494,333
1745749183499,336
1745749183503,337
1745749183511,336
1745749183515,335
1745749183519,334
1745749183523,334
1745749183531,333
1745749183535,334
1745749183539,333
1745749183543,332
1745749183552,332
1745749183556,334
1745749183560,334
1745749183568,333
1745749183572,333
1745749183576,335
1745749183580,335
1745749183588,335
1745749183593,335
1745749183597,336
1745749183601,334
1745749183609,333
1745749183613,333
1745749183617,332
1745749183626,330
1745749183629,329
1745749183634,332
1745749183638,336
1745749183646,342
1745749183650,348
1745749183654,351
1745749183658,353
1745749183666,351
1745749183670,349
1745749183674,346
1745749183679,343
1745749183687,339
1745749183691,333
1745749183695,330
1745749183703,330
1745749183707,332
1745749183711,331
1745749183716,329
1745749183724,328
1745749183728,329
1745749183732,329
1745749183736,320
1745749183744,302
1745749183748,296
1745749183752,323
1745749183761,389
1745749183764,464
1745749183769,529
1745749183773,518
1745749183781,426
1745749183785,349
1745749183789,337
1745749183793,360
1745749183802,366
1745749183805,345
1745749183810,324
1745749183818,318
1745749183822,319
1745749183826,321
1745749183830,319
1745749183838,318
1745749183842,320
1745749183847,321
1745749183851,320
1745749183859,320
1745749183863,321
1745749183867,324
1745749183875,325
1745749183879,326
1745749183884,328
1745749183887,328
1745749183895,329
1745749183900,329
1745749183904,330
1745749183908,331
1745749183916,332
1745749183920,333
1745749183924,334
1745749183933,336
1745749183937,338
1745749183941,340
1745749183945,341
1745749183953,343
1745749183957,346
1745749183961,348
1745749183965,352
1745749183973,355
1745749183977,357
1745749183981,357
1745749183986,357
1745749183994,360
1745749183998,362
1745749184002,362
1745749184010,361
1745749184014,360
1745749184019,354
1745749184023,349
1745749184031,345
1745749184035,341
1745749184039,335
1745749184043,334
1745749184051,331
1745749184055,328
1745749184060,327
1745749184068,327
1745749184072,327
1745749184076,327
1745749184080,325
1745749184088,325
1745749184092,326
1745749184097,328
1745749184100,329
1745749184108,329
1745749184113,328
1745749184117,326
1745749184125,329
1745749184129,332
1745749184133,331
1745749184137,329
1745749184145,328
1745749184149,325
1745749184154,326
1745749184158,324
1745749184166,327
1745749184170,328
1745749184174,326
1745749184182,323
1745749184186,325
1745749184190,326
1745749184195,326
1745749184203,325
1745749184207,324
1745749184211,324
1745749184215,325
1745749184223,327
1745749184227,327
1745749184231,328
1745749184235,328
1745749184244,326
1745749184248,326
1745749184252,328
1745749184260,328
1745749184264,327
1745749184268,326
1745749184272,327
1745749184280,331
1745749184285,330
1745749184289,328
1745749184293,327
1745749184301,327
1745749184305,328
1745749184309,330
1745749184317,332
1745749184321,332
1745749184325,332
1745749184330,330
1745749184338,330
1745749184342,331
1745749184346,332
1745749184350,330
1745749184358,331
1745749184362,333
1745749184366,333
1745749184375,331
1745749184379,330
1745749184383,330
1745749184387,332
1745749184395,335
1745749184399,334
1745749184403,333
1745749184407,331
1745749184416,330
1745749184420,329
1745749184424,328
1745749184432,326
1745749184436,322
1745749184440,320
1745749184444,320
1745749184452,320
1745749184457,315
1745749184461,312
1745749184465,316
1745749184473,320
1745749184477,328
1745749184481,335
1745749184489,338
1745749184493,339
1745749184497,339
1745749184502,338
1745749184510,337
1745749184514,336
1745749184518,329
1745749184522,321
1745749184530,317
1745749184534,319
1745749184538,321
1745749184543,322
1745749184551,323
1745749184555,321
1745749184559,320
1745749184567,319
1745749184571,314
1745749184575,302
1745749184579,289
1745749184588,301
1745749184592,355
1745749184596,435
1745749184600,513
1745749184608,551
1745749184612,478
1745749184616,370
1745749184624,324
1745749184629,340
1745749184633,362
1745749184637,352
1745749184645,327
1745749184649,314
1745749184653,314
1745749184657,316
1745749184665,317
1745749184670,317
1745749184674,314
1745749184682,314
1745749184686,316
1745749184690,317
1745749184694,317
1745749184702,318
1745749184706,319
1745749184710,319
1745749184715,320
1745749184723,321
1745749184727,322
1745749184731,322
1745749184739,323
1745749184743,326
1745749184747,328
1745749184751,328
1745749184760,328
1745749184764,329
1745749184768,332
1745749184772,335
1745749184780,337
1745749184784,340
1745749184788,343
1745749184797,346
1745749184801,350
1745749184805,355
1745749184809,360
1745749184817,363
1745749184821,364
1745749184825,366
1745749184829,367
1745749184837,366
1745749184842,364
1745749184846,360
1745749184850,355
1745749184858,348
1745749184862,342
1745749184866,337
1745749184874,332
1745749184878,329
1745749184882,328
1745749184887,326
1745749184895,323
1745749184899,322
1745749184903,323
1745749184907,323
1745749184915,322
1745749184919,323
1745749184923,324
1745749184932,324
1745749184936,323
1745749184940,322
1745749184944,323
1745749184952,322
1745749184957,322
1745749184960,322
1745749184965,324
1745749184973,324
1745749184977,323
1745749184981,323
1745749184989,325
1745749184993,326
1745749184997,325
1745749185001,326
1745749185009,326
1745749185014,327
1745749185018,330
1745749185022,333
1745749185030,333
1745749185034,333
1745749185038,334
1745749185046,333
1745749185050,333
1745749185054,333
1745749185059,333
1745749185067,333
1745749185071,333
1745749185075,333
1745749185079,334
1745749185087,334
1745749185091,334
1745749185095,332
1745749185100,334
1745749185108,335
1745749185112,335
1745749185116,336
1745749185124,336
1745749185128,336
1745749185132,334
1745749185136,333
1745749185145,334
1745749185149,334
1745749185153,333
1745749185157,334
1745749185165,335
1745749185169,334
1745749185173,334
1745749185181,333
1745749185186,333
1745749185190,335
1745749185194,335
1745749185202,335
1745749185206,333
1745749185211,332
1745749185214,333
1745749185222,333
1745749185227,332
1745749185231,333
1745749185239,333
1745749185243,332
1745749185247,333
1745749185251,332
1745749185259,330
1745749185263,327
1745749185268,323
1745749185272,323
1745749185280,330
1745749185284,337
1745749185288,345
1745749185296,350
1745749185300,353
1745749185304,352
1745749185308,347
1745749185317,345
1745749185321,345
1745749185325,342
1745749185329,335
1745749185337,329
1745749185341,329
1745749185345,333
1745749185353,334
1745749185358,334
1745749185362,333
1745749185366,332
1745749185374,332
1745749185378,330
1745749185382,320
1745749185386,302
1745749185394,295
1745749185399,321
1745749185403,387
1745749185407,470
1745749185415,549
1745749185419,556
1745749185423,460
1745749185431,361
1745749185435,336
1745749185440,361
1745749185444,378
1745749185452,365
1745749185456,345
1745749185460,337
1745749185464,338
1745749185472,340
1745749185476,340
1745749185480,340
1745749185490,342
1745749185493,345
1745749185497,344
1745749185501,346
1745749185509,347
1745749185513,348
1745749185517,349
1745749185521,352
1745749185530,353
1745749185534,354
1745749185538,354
1745749185546,357
1745749185550,359
1745749185554,360
1745749185558,360
1745749185566,362
1745749185571,364
1745749185575,365
1745749185579,365
1745749185587,368
1745749185591,373
1745749185595,376
1745749185603,380
1745749185607,384
1745749185612,388
1745749185616,392
1745749185624,396
1745749185628,398
1745749185632,400
1745749185636,401
1745749185645,400
1745749185648,399
1745749185652,398
1745749185657,393
1745749185665,385
1745749185669,379
1745749185673,373
1745749185681,367
1745749185685,363
1745749185689,360
1745749185693,357
1745749185702,354
1745749185706,352
1745749185710,349
1745749185714,349
1745749185722,350
1745749185726,351
1745749185730,351
1745749185739,351
1745749185743,350
1745749185747,349
1745749185751,348
1745749185759,349
1745749185763,349
1745749185767,349
1745749185771,348
1745749185779,346
1745749185784,346
1745749185788,346
1745749185796,348
1745749185800,351
1745749185804,351
1745749185808,349
1745749185816,349
1745749185820,350
1745749185825,351
1745749185829,351
1745749185837,350
1745749185841,348
1745749185845,348
1745749185853,348
1745749185857,350
1745749185861,351
1745749185866,352
1745749185874,352
1745749185878,352
1745749185882,352
1745749185886,352
1745749185894,351
1745749185898,350
1745749185902,350
1745749185910,350
1745749185915,348
1745749185919,346
1745749185923,348
1745749185931,348
1745749185935,349
1745749185939,349
1745749185943,346
1745749185951,344
1745749185956,345
1745749185960,345
1745749185964,346
1745749185972,345
1745749185976,343
1745749185980,344
1745749185988,345
1745749185992,344
1745749185997,343
1745749186001,343
1745749186009,343
1745749186013,342
1745749186017,340
1745749186021,337
1745749186029,337
1745749186033,337
1745749186037,339
1745749186046,343
1745749186050,347
1745749186054,354
1745749186058,359
1745749186066,362
1745749186070,362
1745749186074,360
1745749186079,357
1745749186087,355
1745749186091,352
1745749186095,344
1745749186103,337
1745749186107,336
1745749186111,340
1745749186115,342
1745749186124,340
1745749186128,338
1745749186133,338
1745749186136,340
1745749186144,338
1745749186148,330
1745749186152,314
1745749186160,300
1745749186165,312
1745749186169,366
1745749186173,445
1745749186182,523
1745749186185,557
1745749186189,478
1745749186193,367
1745749186201,323
1745749186205,344
1745749186210,366
1745749186214,359
1745749186222,339
1745749186226,329
1745749186230,330
1745749186238,331
1745749186242,330
1745749186246,329
1745749186250,330
1745749186259,330
1745749186263,331
1745749186267,333
1745749186271,335
1745749186279,335
1745749186283,334
1745749186287,334
1745749186296,335
1745749186300,336
1745749186304,338
1745749186308,338
1745749186316,338
1745749186320,338
1745749186324,337
1745749186328,337
1745749186337,338
1745749186341,340
1745749186345,340
1745749186353,340
1745749186357,342
1745749186361,346
1745749186365,349
1745749186373,352
1745749186377,356
1745749186382,360
1745749186386,363
1745749186394,365
1745749186398,365
1745749186402,365
1745749186410,365
1745749186414,366
1745749186418,363
1745749186422,356
1745749186431,346
1745749186435,337
1745749186439,330
1745749186443,324
1745749186451,320
1745749186455,316
1745749186459,313
1745749186468,311
1745749186472,309
1745749186476,308
1745749186480,307
1745749186488,306
1745749186492,306
1745749186496,305
1745749186500,305
1745749186508,307
1745749186513,305
1745749186517,305
1745749186521,306
1745749186529,305
1745749186533,304
1745749186537,304
1745749186545,306
1745749186549,307
1745749186554,307
1745749186558,307
1745749186566,308
1745749186570,309
1745749186574,310
1745749186578,310
1745749186587,311
1745749186590,312
1745749186595,313
1745749186603,314
1745749186607,314
1745749186611,315
1745749186615,316
1745749186623,315
1745749186627,314
1745749186632,313
1745749186636,314
1745749186644,316
1745749186648,315
1745749186652,314
1745749186660,314
1745749186664,313
1745749186668,314
1745749186672,315
1745749186681,314
1745749186685,315
1745749186689,315
1745749186693,314
1745749186701,314
1745749186705,315
1745749186710,316
1745749186718,315
1745749186722,316
1745749186726,315
1745749186730,314
1745749186738,314
1745749186742,314
1745749186746,311
1745749186750,310
1745749186759,307
1745749186763,309
1745749186767,314
1745749186775,320
1745749186779,328
1745749186783,334
1745749186787,335
1745749186796,334
1745749186800,331
1745749186804,328
1745749186808,327
1745749186816,324
1745749186820,318
1745749186824,313
1745749186828,312
1745749186836,313
1745749186840,314
1745749186844,316
1745749186853,315
1745749186857,310
1745749186861,309
1745749186865,310
1745749186873,303
1745749186877,284
1745749186881,280
1745749186885,305
1745749186894,368
1745749186898,445
1745749186902,518
1745749186910,513
1745749186914,405
1745749186918,310
1745749186923,297
1745749186930,329
1745749186935,345
1745749186939,331
1745749186943,311
1745749186951,306
1745749186955,308
1745749186959,310
1745749186967,310
1745749186971,309
1745749186976,310
1745749186980,312
1745749186988,313
1745749186992,313
1745749186996,313
1745749187000,316
1745749187009,316
1745749187013,314
1745749187017,316
1745749187025,320
1745749187029,320
1745749187033,319
1745749187037,319
1745749187045,321
1745749187049,322
1745749187053,324
1745749187057,327
1745749187066,328
1745749187070,328
1745749187074,330
1745749187078,336
1745749187086,341
1745749187090,346
1745749187094,350
1745749187103,352
1745749187107,355
1745749187111,359
1745749187115,361
1745749187123,362
1745749187127,362
1745749187131,363
1745749187135,361
1745749187144,355
1745749187147,347
1745749187152,339
1745749187160,332
1745749187164,327
1745749187168,322
1745749187172,317
1745749187180,313
1745749187185,311
1745749187189,312
1745749187193,312
1745749187201,311
1745749187205,311
1745749187209,310
1745749187217,310
1745749187221,309
1745749187226,308
1745749187230,308
1745749187238,307
1745749187242,309
1745749187246,311
1745749187250,312
1745749187258,311
1745749187263,312
1745749187267,312
1745749187275,313
1745749187279,314
1745749187283,316
1745749187287,317
1745749187295,316
1745749187299,317
1745749187303,317
1745749187308,316
1745749187316,317
1745749187320,319
1745749187324,320
1745749187332,321
1745749187336,322
1745749187341,321
1745749187344,319
1745749187353,320
1745749187357,323
1745749187361,323
1745749187365,323
1745749187373,322
1745749187377,322
1745749187381,323
1745749187385,323
1745749187393,325
1745749187397,325
1745749187402,324
1745749187410,322
1745749187414,321
1745749187418,321
1745749187422,324
1745749187430,326
1745749187435,325
1745749187438,323
1745749187443,325
1745749187451,326
1745749187455,327
1745749187459,326
1745749187467,324
1745749187471,322
1745749187475,318
1745749187479,317
1745749187488,325
1745749187492,331
1745749187496,336
1745749187500,344
1745749187508,347
1745749187512,347
1745749187516,344
1745749187525,343
1745749187529,343
1745749187533,341
1745749187537,334
1745749187545,328
1745749187549,325
1745749187553,325
1745749187557,325
1745749187565,325
1745749187570,324
1745749187574,321
1745749187582,321
1745749187586,322
1745749187590,317
1745749187594,302
1745749187602,287
1745749187607,293
1745749187611,336
1745749187615,412
1745749187623,494
1745749187627,551
1745749187631,499
1745749187639,386
1745749187643,321
1745749187647,329
1745749187652,355
1745749187660,357
1745749187664,336
1745749187668,321
1745749187672,319
1745749187680,321
1745749187684,321
1745749187688,319
1745749187693,319
1745749187700,321
1745749187705,323
1745749187709,323
1745749187717,321
1745749187721,322
1745749187725,323
1745749187729,328
1745749187738,330
1745749187741,330
1745749187746,329
1745749187750,328
1745749187758,329
1745749187762,330
1745749187766,330
1745749187774,332
1745749187778,335
1745749187782,338
1745749187787,339
1745749187795,342
1745749187799,342
1745749187803,344
1745749187807,349
1745749187815,354
1745749187820,358
1745749187823,361
1745749187832,366
1745749187836,368
1745749187840,370
1745749187844,372
1745749187852,373
1745749187856,372
1745749187860,370
1745749187865,364
1745749187873,358
1745749187877,350
1745749187881,343
1745749187889,337
1745749187893,332
1745749187897,330
1745749187901,328
1745749187910,327
1745749187913,326
1745749187918,325
1745749187922,323
1745749187930,323
1745749187934,325
1745749187938,323
1745749187942,323
1745749187950,323
1745749187955,322
1745749187959,322
1745749187967,321
1745749187971,322
1745749187975,321
1745749187979,320
1745749187988,322
1745749187992,322
1745749187995,321
1745749188000,322
1745749188008,322
1745749188012,321
1745749188016,323
1745749188024,325
1745749188028,325
1745749188032,323
1745749188037,325
1745749188045,328
1745749188049,327
1745749188053,326
1745749188057,326
1745749188065,327
1745749188069,328
1745749188073,330
1745749188082,329
1745749188086,328
1745749188090,326
1745749188094,327
1745749188102,328
1745749188106,329
1745749188110,330
1745749188114,330
1745749188122,331
1745749188126,329
1745749188131,328
1745749188139,330
1745749188143,332
1745749188147,330
1745749188151,327
1745749188159,324
1745749188163,320
1745749188167,323
1745749188171,331
1745749188180,336
1745749188184,343
1745749188188,349
1745749188196,351
1745749188201,352
1745749188205,350
1745749188209,346
1745749188217,343
1745749188221,339
1745749188225,333
1745749188229,329
1745749188237,330
1745749188241,332
1745749188245,334
1745749188250,332
1745749188258,333
1745749188262,333
1745749188266,331
1745749188274,326
1745749188278,313
1745749188282,296
1745749188287,297
1745749188294,334
1745749188298,406
1745749188303,487
1745749188307,554
1745749188315,519
1745749188319,410
1745749188323,335
1745749188331,335
1745749188335,360
1745749188339,365
1745749188344,344
1745749188352,326
1745749188356,322
1745749188360,326
1745749188364,329
1745749188372,329
1745749188377,328
1745749188380,327
1745749188389,328
1745749188393,330
1745749188397,331
1745749188401,331
1745749188409,332
1745749188413,332
1745749188417,333
1745749188422,333
1745749188430,333
1745749188434,333
1745749188438,335
1745749188446,337
1745749188450,336
1745749188454,336
1745749188459,337
1745749188467,338
1745749188471,339
1745749188475,342
1745749188479,346
1745749188487,350
1745749188491,354
1745749188495,355
1745749188499,358
1745749188507,361
1745749188512,365
1745749188516,370
1745749188524,371
1745749188528,373
1745749188532,373
1745749188536,373
1745749188545,372
1745749188549,364
1745749188553,355
1745749188557,346
1745749188565,340
1745749188569,335
1745749188573,331
1745749188581,327
1745749188585,324
1745749188590,322
1745749188594,319
1745749188602,318
1745749188606,319
1745749188610,319
1745749188614,318
1745749188622,319
1745749188626,318
1745749188630,318
1745749188638,318
1745749188643,318
1745749188647,318
1745749188651,320
1745749188659,321
1745749188663,321
1745749188668,321
1745749188672,322
1745749188680,322
1745749188684,323
1745749188688,323
1745749188696,322
1745749188700,322
1745749188704,323
1745749188708,324
1745749188717,324
1745749188721,325
1745749188725,327
1745749188729,330
1745749188737,331
1745749188741,332
1745749188745,332
1745749188753,332
1745749188757,331
1745749188761,331
1745749188766,332
1745749188774,333
1745749188778,334
1745749188782,330
1745749188786,329
1745749188794,327
1745749188798,324
1745749188802,325
1745749188806,327
1745749188815,328
1745749188819,337
1745749188823,345
1745749188831,348
1745749188835,349
1745749188839,350
1745749188843,349
1745749188852,346
1745749188856,339
1745749188860,334
1745749188864,334
1745749188872,332
1745749188876,333
1745749188880,336
1745749188888,336
1745749188893,334
1745749188896,334
1745749188901,335
1745749188909,329
1745749188913,317
1745749188917,299
1745749188921,298
1745749188929,332
1745749188933,406
1745749188938,493
1745749188946,565
1745749188950,538
1745749188954,429
1745749188958,347
1745749188966,338
1745749188970,360
1745749188974,366
1745749188978,346
1745749188987,329
1745749188991,323
1745749188995,327
1745749189003,328
1745749189007,328
1745749189011,327
1745749189015,326
1745749189024,327
1745749189028,327
1745749189032,327
1745749189036,329
1745749189044,329
1745749189048,331
1745749189052,332
1745749189061,332
1745749189064,334
1745749189069,334
1745749189073,335
1745749189081,337
1745749189085,340
1745749189089,340
1745749189093,340
1745749189101,341
1745749189106,347
1745749189109,351
1745749189114,353
1745749189122,357
1745749189126,361
1745749189130,366
1745749189138,370
1745749189142,373
1745749189147,376
1745749189151,376
1745749189159,378
1745749189163,380
1745749189167,382
1745749189171,380
1745749189179,375
1745749189183,370
1745749189188,362
1745749189196,354
1745749189200,348
1745749189204,344
1745749189208,340
1745749189216,336
1745749189220,333
1745749189224,331
1745749189229,330
1745749189236,329
1745749189241,329
1745749189245,328
1745749189253,328
1745749189257,329
1745749189261,329
1745749189265,327
1745749189274,328
1745749189278,329
1745749189281,329
1745749189286,328
1745749189294,328
1745749189298,328
1745749189302,328
1745749189310,327
1745749189314,326
1745749189318,328
1745749189323,329
1745749189331,328
1745749189335,329
1745749189339,329
1745749189343,331
1745749189351,334
1745749189355,336
1745749189360,335
1745749189364,335
1745749189372,336
1745749189376,337
1745749189380,336
1745749189388,338
1745749189392,338
1745749189396,337
1745749189401,336
1745749189409,336
1745749189413,335
1745749189417,334
1745749189421,335
1745749189429,335
1745749189433,334
1745749189437,333
1745749189446,334
1745749189450,334
1745749189454,334
1745749189458,334
1745749189466,333
1745749189470,334
1745749189474,335
1745749189478,335
1745749189486,335
1745749189491,333
1745749189495,334
1745749189503,334
1745749189507,334
1745749189511,336
1745749189515,336
1745749189523,335
1745749189528,334
1745749189531,333
1745749189536,335
1745749189544,334
1745749189548,331
1745749189552,327
1745749189560,326
1745749189564,327
1745749189568,329
1745749189573,333
1745749189581,341
1745749189585,349
1745749189589,353
1745749189593,356
1745749189601,355
1745749189605,349
1745749189609,345
1745749189618,342
1745749189622,338
1745749189626,334
1745749189630,336
1745749189638,338
1745749189642,341
1745749189646,340
1745749189650,338
1745749189659,339
1745749189663,340
1745749189667,334
1745749189671,318
1745749189679,302
1745749189683,312
1745749189687,363
1745749189695,443
1745749189699,526
1745749189704,576
1745749189708,512
1745749189716,403
1745749189720,348
1745749189724,357
1745749189728,377
1745749189737,369
1745749189740,345
1745749189744,333
1745749189753,331
1745749189757,333
1745749189761,332
1745749189765,331
1745749189773,329
1745749189777,327
1745749189781,329
1745749189785,333
1745749189793,335
1745749189798,335
1745749189802,334
1745749189810,333
1745749189814,334
1745749189818,336
1745749189823,336
1745749189830,336
1745749189834,338
1745749189839,340
1745749189843,340
1745749189851,340
1745749189855,342
1745749189859,344
1745749189868,347
1745749189872,349
1745749189876,352
1745749189880,355
1745749189888,357
1745749189892,361
1745749189896,364
1745749189900,368
1745749189908,371
1745749189912,375
1745749189916,377
1745749189921,377
1745749189928,376
1745749189933,375
1745749189937,373
1745749189945,367
1745749189949,359
1745749189953,354
1745749189957,349
1745749189966,343
1745749189970,338
1745749189974,335
1745749189978,331
1745749189986,327
1745749189990,324
1745749189994,325
1745749190003,323
1745749190007,323
1745749190011,325
1745749190015,327
1745749190023,327
1745749190027,326
1745749190031,325
1745749190036,325
1745749190043,324
1745749190048,323
1745749190052,325
1745749190060,324
1745749190064,322
1745749190068,321
1745749190072,321
1745749190080,323
1745749190084,324
1745749190089,324
1745749190093,323
1745749190101,322
1745749190105,323
1745749190109,324
1745749190117,325
1745749190121,325
1745749190125,326
1745749190130,327
1745749190137,327
1745749190141,327
1745749190146,328
1745749190150,329
1745749190158,328
1745749190162,329
1745749190166,329
1745749190175,330
1745749190179,331
1745749190183,329
1745749190187,329
1745749190195,329
1745749190199,331
1745749190203,330
1745749190207,330
1745749190216,330
1745749190219,332
1745749190224,331
1745749190228,330
1745749190236,330
1745749190240,330
1745749190244,330
1745749190252,331
1745749190257,333
1745749190261,331
1745749190265,331
1745749190273,331
1745749190277,331
1745749190281,329
1745749190285,329
1745749190293,330
1745749190297,331
1745749190302,332
1745749190310,333
1745749190314,333
1745749190318,331
1745749190322,330
1745749190330,331
1745749190334,332
1745749190338,333
1745749190343,332
1745749190351,331
1745749190355,330
1745749190359,331
1745749190367,330
1745749190371,330
1745749190375,332
1745749190379,334
1745749190387,333
1745749190391,330
1745749190396,331
1745749190400,330
1745749190408,329
1745749190412,329
1745749190416,330
1745749190424,329
1745749190428,329
1745749190432,327
1745749190437,326
1745749190445,332
1745749190449,337
1745749190453,342
1745749190457,347
1745749190465,348
1745749190469,349
1745749190474,347
1745749190478,345
1745749190486,343
1745749190490,340
1745749190494,336
1745749190502,328
1745749190506,326
1745749190510,327
1745749190515,328
1745749190523,329
1745749190527,330
1745749190531,329
1745749190535,329
1745749190543,326
1745749190547,319
1745749190551,305
1745749190560,295
1745749190564,309
1745749190568,361
1745749190572,439
1745749190580,518
1745749190584,553
1745749190588,469
1745749190592,353
1745749190600,311
1745749190604,338
1745749190609,364
1745749190617,357
1745749190621,333
1745749190625,319
1745749190629,318
1745749190637,323
1745749190641,324
1745749190646,326
1745749190649,326
1745749190658,324
1745749190662,322
1745749190666,323
1745749190674,326
1745749190678,329
1745749190682,329
1745749190687,328
1745749190695,333
1745749190699,329
1745749190703,326
1745749190707,327
1745749190715,330
1745749190719,333
1745749190723,335
1745749190732,337
1745749190736,340
1745749190740,340
1745749190744,340
1745749190752,343
1745749190756,347
1745749190760,352
1745749190764,357
1745749190773,361
1745749190776,364
1745749190781,364
1745749190785,365
1745749190793,370
1745749190797,376
1745749190801,377
1745749190809,375
1745749190813,375
1745749190817,373
1745749190822,366
1745749190830,359
1745749190834,351
1745749190838,344
1745749190842,340
1745749190850,333
1745749190855,328
1745749190859,325
1745749190867,326
1745749190871,328
1745749190875,329
1745749190879,327
1745749190887,323
1745749190891,321
1745749190895,321
1745749190899,321
1745749190908,321
1745749190912,321
1745749190916,324
1745749190924,325
1745749190928,323
1745749190932,322
1745749190936,325
1745749190945,325
1745749190948,322
1745749190953,323
1745749190957,323
1745749190965,321
1745749190969,322
1745749190973,325
1745749190981,327
1745749190986,328
1745749190990,326
1745749190994,319
1745749191002,307
1745749191006,301
1745749191010,312
1745749191014,330
1745749191022,335
1745749191027,332
1745749191031,328
1745749191039,322
1745749191043,320
1745749191047,314
1745749191051,306
1745749191059,303
1745749191063,299
1745749191068,302
1745749191072,308
1745749191080,294
1745749191084,290
1745749191088,316
1745749191092,342
1745749191100,347
1745749191104,341
1745749191108,337
1745749191117,337
1745749191121,341
1745749191125,343
1745749191129,348
1745749191137,356
1745749191141,359
1745749191145,361
1745749191149,366
1745749191157,368
1745749191162,368
1745749191166,374
1745749191174,386
1745749191178,393
1745749191182,398
1745749191186,397
1745749191195,386
1745749191198,382
1745749191202,387
1745749191206,396
1745749191215,400
1745749191219,403
1745749191223,406
1745749191231,410
1745749191235,412
1745749191239,418
1745749191244,426
1745749191252,422
1745749191256,409
1745749191260,401
1745749191264,402
1745749191272,406
1745749191276,410
1745749191280,412
1745749191288,412
1745749191293,408
1745749191297,404
1745749191301,405
1745749191309,405
1745749191313,402
1745749191317,396
1745749191321,391
1745749191330,392
1745749191334,399
1745749191338,407
1745749191342,414
1745749191350,413
1745749191354,415
1745749191358,418
1745749191366,420
1745749191370,421
1745749191375,422
1745749191379,422
1745749191387,416
1745749191391,406
1745749191395,398
1745749191399,398
1745749191407,401
1745749191411,402
1745749191416,402
1745749191424,411
1745749191428,418
1745749191432,411
1745749191436,393
1745749191444,375
1745749191448,369
1745749191452,397
1745749191457,460
1745749191464,535
1745749191469,604
1745749191473,615
1745749191481,531
1745749191485,439
1745749191489,411
1745749191493,424
1745749191502,430
1745749191506,421
1745749191510,404
1745749191514,388
1745749191522,382
1745749191526,381
1745749191530,375
1745749191539,373
1745749191542,380
1745749191547,379
1745749191551,370
1745749191559,370
1745749191563,376
1745749191567,374
1745749191571,371
1745749191579,378
1745749191584,379
1745749191588,381
1745749191596,380
1745749191600,378
1745749191604,372
1745749191608,372
1745749191617,373
1745749191621,377
1745749191625,378
1745749191629,368
1745749191637,370
1745749191641,374
1745749191645,378
1745749191649,381
1745749191657,388
1745749191661,391
1745749191666,394
1745749191674,395
1745749191678,389
1745749191682,388
1745749191686,391
1745749191694,389
1745749191698,378
1745749191702,363
1745749191706,352
1745749191715,347
1745749191719,347
1745749191723,337
1745749191731,326
1745749191735,316
1745749191739,307
1745749191743,300
1745749191751,305
1745749191755,311
1745749191759,311
1745749191763,306
1745749191772,308
1745749191776,309
1745749191780,309
1745749191789,310
1745749191792,308
1745749191796,310
1745749191801,313
1745749191809,312
1745749191813,312
1745749191817,312
1745749191821,316
1745749191829,320
1745749191833,321
1745749191837,320
1745749191845,317
1745749191850,316
1745749191854,311
1745749191858,307
1745749191866,312
1745749191870,320
1745749191875,325
1745749191878,324
1745749191887,322
1745749191891,324
1745749191895,325
1745749191903,322
1745749191907,317
1745749191911,315
1745749191915,315
1745749191924,312
1745749191928,316
1745749191931,323
1745749191936,321
1745749191944,317
1745749191948,312
1745749191952,310
1745749191956,308
1745749191964,311
1745749191968,317
1745749191972,320
1745749191981,317
1745749191985,305
1745749191989,299
1745749191993,308
1745749192002,310
1745749192006,305
1745749192010,307
1745749192014,311
1745749192022,309
1745749192026,308
1745749192030,306
1745749192038,301
1745749192042,294
1745749192046,295
1745749192050,303
1745749192059,314
1745749192063,317
1745749192067,307
1745749192071,300
1745749192079,308
1745749192083,311
1745749192087,307
1745749192095,301
1745749192099,298
1745749192103,293
1745749192108,294
1745749192116,304
1745749192120,314
1745749192124,317
1745749192128,308
1745749192137,291
1745749192140,285
1745749192144,297
1745749192153,308
1745749192157,304
1745749192161,294
1745749192165,296
1745749192173,297
1745749192177,299
1745749192181,302
1745749192186,308
1745749192194,309
1745749192198,301
1745749192202,292
1745749192206,295
1745749192214,302
1745749192218,306
1745749192223,305
1745749192231,300
1745749192235,301
1745749192239,299
1745749192243,293
1745749192251,298
1745749192255,307
1745749192259,311
1745749192263,317
1745749192271,318
1745749192276,318
1745749192280,324
1745749192288,322
1745749192292,314
1745749192296,316
1745749192300,316
1745749192309,310
1745749192312,302
1745749192316,297
1745749192321,290
1745749192329,290
1745749192333,298
1745749192337,303
1745749192345,300
1745749192349,292
1745749192353,293
1745749192357,294
1745749192366,280
1745749192370,260
1745749192374,267
1745749192378,322
1745749192386,411
1745749192390,503
1745749192394,556
1745749192403,486
1745749192407,377
1745749192411,317
1745749192415,318
1745749192423,336
1745749192427,329
1745749192431,306
1745749192435,288
1745749192443,280
1745749192448,283
1745749192452,291
1745749192460,296
1745749192464,291
1745749192468,281
1745749192472,281
1745749192481,292
1745749192484,295
1745749192489,294
1745749192493,297
1745749192501,298
1745749192505,300
1745749192509,302
1745749192513,304
1745749192522,305
1745749192526,305
1745749192529,304
1745749192538,309
1745749192542,311
1745749192546,312
1745749192550,314
1745749192558,316
1745749192562,316
1745749192566,320
1745749192570,326
1745749192579,330
1745749192583,338
1745749192587,343
1745749192595,342
1745749192599,343
1745749192603,349
1745749192608,358
1745749192616,359
1745749192620,353
1745749192624,348
1745749192628,346
1745749192636,352
1745749192640,351
1745749192644,340
1745749192653,329
1745749192657,325
1745749192660,322
1745749192665,317
1745749192673,315
1745749192677,312
1745749192681,303
1745749192685,292
1745749192694,289
1745749192697,304
1745749192701,316
1745749192710,316
1745749192714,314
1745749192718,308
1745749192722,306
1745749192730,311
1745749192734,317
1745749192739,312
1745749192743,309
1745749192751,312
1745749192755,309
1745749192759,302
1745749192763,296
1745749192771,300
1745749192775,314
1745749192780,318
1745749192788,313
1745749192792,304
1745749192796,290
1745749192800,298
1745749192808,323
1745749192812,336
1745749192816,327
1745749192820,315
1745749192829,310
1745749192833,314
1745749192837,315
1745749192845,315
1745749192849,321
1745749192853,320
1745749192857,315
1745749192865,315
1745749192870,318
1745749192874,314
1745749192878,310
1745749192886,309
1745749192890,311
1745749192894,318
1745749192902,324
1745749192906,321
1745749192910,315
1745749192914,314
1745749192923,318
1745749192927,321
1745749192931,323
1745749192935,320
1745749192943,320
1745749192947,324
1745749192952,322
1745749192960,316
1745749192964,318
1745749192968,318
1745749192972,314
1745749192980,309
1745749192984,308
1745749192989,312
1745749192992,320
1745749193001,326
1745749193005,324
1745749193009,319
1745749193017,322
1745749193021,327
1745749193025,326
1745749193029,322
1745749193038,325
1745749193042,325
1745749193046,323
1745749193050,320
1745749193058,323
1745749193062,327
1745749193066,332
1745749193070,334
1745749193078,330
1745749193083,330
1745749193087,326
1745749193095,325
1745749193099,329
1745749193103,332
1745749193107,332
1745749193115,331
1745749193119,334
1745749193124,334
1745749193128,336
1745749193136,334
1745749193140,333
1745749193144,335
1745749193152,331
1745749193156,330
1745749193160,323
1745749193165,317
1745749193173,324
1745749193177,338
1745749193181,352
1745749193185,357
1745749193193,364
1745749193197,363
1745749193202,352
1745749193209,348
1745749193213,352
1745749193218,350
1745749193222,341
1745749193230,333
1745749193234,331
1745749193238,332
1745749193242,335
1745749193250,336
1745749193254,327
1745749193259,324
1745749193267,327
1745749193271,331
1745749193275,327
1745749193279,307
1745749193287,295
1745749193291,317
1745749193296,382
1745749193300,474
1745749193308,561
1745749193312,590
1745749193316,505
1745749193324,396
1745749193328,349
1745749193333,363
1745749193337,378
1745749193345,352
1745749193349,312
1745749193353,299
1745749193357,304
1745749193365,316
1745749193369,320
1745749193373,315
1745749193378,312
1745749193386,319
1745749193390,326
1745749193394,330
1745749193402,331
1745749193406,325
1745749193410,316
1745749193414,308
1745749193423,311
1745749193427,324
1745749193431,332
1745749193435,329
1745749193443,326
1745749193447,325
1745749193451,323
1745749193460,324
1745749193464,329
1745749193467,337
1745749193471,346
1745749193480,355
1745749193484,360
1745749193488,361
1745749193492,360
1745749193500,353
1745749193504,351
1745749193508,355
1745749193517,365
1745749193521,373
1745749193525,378
1745749193529,380
1745749193537,380
1745749193541,376
1745749193545,376
1745749193550,370
1745749193558,361
1745749193562,355
1745749193566,353
1745749193574,347
1745749193578,336
1745749193582,330
1745749193586,326
1745749193595,329
1745749193599,332
1745749193603,325
1745749193607,325
1745749193615,331
1745749193619,335
1745749193623,334
1745749193627,325
1745749193636,307
1745749193640,300
1745749193644,312
1745749193652,323
1745749193656,323
1745749193660,322
1745749193664,322
1745749193672,322
1745749193676,321
1745749193681,321
1745749193685,323
1745749193693,323
1745749193697,316
1745749193701,311
1745749193709,320
1745749193713,333
1745749193718,340
1745749193721,332
1745749193730,325
1745749193734,321
1745749193738,318
1745749193742,323
1745749193750,330
1745749193754,330
1745749193758,325
1745749193767,323
1745749193771,329
1745749193775,329
1745749193779,326
1745749193787,326
1745749193791,324
1745749193795,323
1745749193799,325
1745749193808,328
1745749193811,328
1745749193816,326
1745749193824,326
1745749193828,325
1745749193832,325
1745749193836,322
1745749193844,322
1745749193848,324
1745749193853,328
1745749193857,329
1745749193865,323
1745749193869,316
1745749193873,324
1745749193881,332
1745749193885,331
1745749193890,324
1745749193894,326
1745749193902,330
1745749193906,330
1745749193910,333
1745749193914,331
1745749193922,323
1745749193926,318
1745749193930,320
1745749193935,329
1745749193942,336
1745749193946,334
1745749193951,327
1745749193959,330
1745749193963,338
1745749193967,342
1745749193972,339
1745749193980,337
1745749193983,340
1745749193988,339
1745749193992,334
1745749194000,330
1745749194004,328
1745749194008,329
1745749194016,337
1745749194021,343
1745749194024,356
1745749194029,368
1745749194037,368
1745749194041,366
1745749194045,363
1745749194049,363
1745749194057,358
1745749194061,357
1745749194065,352
1745749194074,342
1745749194078,341
1745749194082,343
1745749194086,347
1745749194094,342
1745749194098,340
1745749194102,353
1745749194106,364
1745749194115,360
1745749194119,349
1745749194123,328
1745749194131,311
1745749194135,326
1745749194139,381
1745749194143,464
1745749194152,552
1745749194155,599
1745749194160,523
1745749194164,402
1745749194172,348
1745749194176,371
1745749194180,396
1745749194184,388
1745749194193,363
1745749194197,348
1745749194201,350
1745749194209,357
1745749194213,352
1745749194217,347
1745749194221,348
1745749194229,351
1745749194234,354
1745749194238,356
1745749194242,357
1745749194250,359
1745749194254,358
1745749194258,361
1745749194266,363
1745749194270,360
1745749194275,362
1745749194278,367
1745749194287,367
1745749194291,365
1745749194295,367
1745749194299,364
1745749194307,367
1745749194311,373
1745749194315,375
1745749194323,373
1745749194328,378
1745749194332,388
1745749194336,392
1745749194344,395
1745749194348,400
1745749194352,403
1745749194356,409
1745749194365,418
1745749194369,418
1745749194373,407
1745749194381,400
1745749194385,405
1745749194389,412
1745749194393,409
1745749194401,395
1745749194406,382
1745749194410,372
1745749194414,363
1745749194422,369
1745749194426,376
1745749194430,373
1745749194438,361
1745749194443,355
1745749194446,351
1745749194451,354
1745749194459,353
1745749194463,347
1745749194467,347
1745749194471,352
1745749194479,355
1745749194483,355
1745749194487,349
1745749194491,347
1745749194500,350
1745749194504,349
1745749194508,350
1745749194516,350
1745749194520,348
1745749194524,351
1745749194528,355
1745749194537,354
1745749194540,354
1745749194545,357
1745749194549,359
1745749194557,358
1745749194561,354
1745749194565,350
1745749194573,351
1745749194577,353
1745749194581,353
1745749194586,350
1745749194594,350
1745749194598,352
1745749194602,355
1745749194606,358
1745749194614,362
1745749194618,362
1745749194622,357
1745749194631,355
1745749194635,352
1745749194639,353
1745749194643,357
1745749194651,352
1745749194655,351
1745749194659,351
1745749194663,349
1745749194672,351
1745749194676,357
1745749194680,351
1745749194688,349
1745749194692,354
1745749194696,350
1745749194700,343
1745749194709,339
1745749194713,345
1745749194717,352
1745749194721,351
1745749194729,344
1745749194733,347
1745749194737,350
1745749194745,345
1745749194749,344
1745749194753,345
1745749194757,346
1745749194766,343
1745749194770,344
1745749194774,343
1745749194778,336
1745749194786,337
1745749194791,343
1745749194795,344
1745749194799,344
1745749194807,344
1745749194811,340
1745749194815,333
1745749194823,335
1745749194827,339
1745749194831,341
1745749194835,342
1745749194843,349
1745749194848,355
